nationality,playerPositionID,jerseyNumber,playerBirthDay,playerBirthYear,club,playerID,playerFName,playerLName
Argentina,Midfield,17,Apr-26,2001,Atlanta United,0001,Alejandro,Gomez
Argentina,Midfield,20,Dec-24,1998,Brighton,0002,Alexis,Mac Allister
Argentina,Forward,15,Mar-09,1995,Atletico Madrid,0003,Angel,Correa
Argentina,Forward,11,Feb-14,1988,Juventus,0004,Angel,Di Maria
Argentina,Defender,13,Apr-27,1998,Tottenham,0005,Cristian,Romero
Argentina,Goal Keeper,23,Sep-02,1992,Aston Villa,0006,Emiliano,Martinez
Argentina,Midfield,24,Jan-17,2001,Benfica,0007,Enzo,Fernandez
Argentina,Midfield,14,Oct-05,1998,Bayer Leverkusen,0008,Exequiel,Palacios
Argentina,Goal Keeper,1,Oct-16,1986,River,0009,Franco,Armani
Argentina,Defender,6,Jun-27,1991,Real Betis,0010,German,Pezzella
Argentina,Goal Keeper,12,May-20,1992,Villarreal,0011,Geronimo,Rulli
Argentina,Defender,4,Jan-01,1997,Sevilla,0012,Gonzalo,Montiel
Argentina,Midfield,18,Apr-12,1994,Real Betis,0013,Guido,Rodriguez
Argentina,Defender,2,Jan-12,1998,Villarreal,0014,Juan,Foyth
Argentina,Forward,9,Jan-31,2000,Manchester City,0015,Julian,Alvarez
Argentina,Forward,22,Aug-22,1997,Inter,0016,Lautaro,Martinez
Argentina,Midfield,5,Jun-29,1994,Juventus,0017,Leandro,Paredes
Argentina,Forward,10,Jun-24,1987,PSG,0018,Lionel,Messi
Argentina,Defender,25,Jan-18,1998,Manchester United,0019,Lisandro,Martinez
Argentina,Defender,8,Oct-28,1991,Sevilla,0020,Marcos,Acuna
Argentina,Defender,26,Apr-06,1998,Atletico Madrid,0021,Nahuel,Molina
Argentina,Defender,19,Feb-12,1988,Benfica,0022,Nicolas,Otamendi
Argentina,Defender,3,Aug-31,1992,Lyon,0023,Nicolas,Tagliafico
Argentina,Forward,21,Nov-15,1993,Roma,0024,Paulo,Dybala
Argentina,Midfield,7,May-24,1994,Atletico Madrid,0025,Rodrigo,De Paul
Argentina,Forward,16,Apr-26,2001,Inter,0026,Thiago,Almada
Australia,Midfield,13,Sep-15,1990,Celtic,0027,Aaron,Mooy
Australia,Midfield,10,Jul-05,1996,Hellas Verona,0028,Ajdin,Hrustic
Australia,Goal Keeper,12,Jan-13,1989,Sydney,0029,Andrew,Redmayne
Australia,Forward,11,Sep-15,1995,Cadiz,0030,Awer,Mabil
Australia,Defender,16,Oct-16,1990,Dundee United,0031,Aziz,Behic
Australia,Defender,8,Jul-28,1992,Sunderland,0032,Bailey,Wright
Australia,Midfield,17,Jun-07,1998,Hearts,0033,Cameron,Devlin
Australia,Forward,23,Dec-16,1991,Adelaide United,0034,Craig,Goodwin
Australia,Goal Keeper,18,Mar-27,1985,Central Coast Mariners,0035,Danny,Vukovic
Australia,Defender,5,May-12,1996,Brescia,0036,Fran,Karacic
Australia,Forward,21,Sep-15,2004,Central Coast Mariners,0037,Garang,Kuol
Australia,Defender,19,Oct-22,1998,Stoke City,0038,Harry,Souttar
Australia,Midfield,22,Mar-07,1993,St Pauli,0039,Jackson,Irvine
Australia,Forward,9,Jul-29,1993,Melbourne City,0040,Jamie,Maclaren
Australia,Forward,25,Aug-01,1995,Central Coast Mariners,0041,Jason,Cummings
Australia,Defender,24,Oct-30,2000,OB,0042,Joel,King
Australia,Midfield,26,Jun-07,1998,St Mirren,0043,Keanu,Baccus
Australia,Defender,4,Jun-24,1998,Hearts,0044,Kye,Rowles
Australia,Forward,6,Apr-25,1993,Hibernian,0045,Marco,Tilio
Australia,Goal Keeper,1,Apr-08,1992,Copenhagen,0046,Mat,Ryan
Australia,Forward,7,Feb-04,1991,Melbourne City,0047,Mathew,Leckie
Australia,Defender,2,Apr-28,1994,Columbus Crew,0048,Milos,Degenek
Australia,Forward,15,Jan-18,1991,Fagiano Okayama,0049,Mitchell,Duke
Australia,Defender,3,Jun-13,1999,Hearts,0050,Nathaniel,Atkinson
Australia,Midfield,14,Nov-02,1998,Middlesbrough,0051,Riley,McGree
Australia,Defender,20,Mar-20,1997,Albirex Niigata,0052,Thomas,Deng
Belgium,Defender,3,May-25,2000,Rennes,0053,Arthur,Theate
Belgium,Midfield,6,Jan-12,1989,Atletico Madrid,0054,Axel,Witsel
Belgium,Midfield,22,Mar-10,2001,AC Milan,0055,Charles,De Ketelaere
Belgium,Forward,14,May-06,1987,Galatasaray,0056,Dries,Mertens
Belgium,Forward,10,Jan-07,1991,Real Madrid,0057,Eden,Hazard
Belgium,Midfield,20,Aug-24,1992,Club Brugge,0058,Hans,Vanaken
Belgium,Defender,5,Apr-24,1987,Anderlecht,0059,Jan,Vertonghen
Belgium,Forward,25,May-27,2002,Rennes,0060,Jeremy,Doku
Belgium,Midfield,7,Jun-28,1991,Manchester City,0061,Kevin,De Bruyne
Belgium,Goal Keeper,13,Jun-25,1992,Wolfsburg,0062,Koen,Casteels
Belgium,Midfield,19,Apr-15,1995,Aston Villa,0063,Leander,Dendoncker
Belgium,Forward,17,Dec-04,1994,Brighton,0064,Leandro,Trossard
Belgium,Forward,24,Feb-16,2000,Lens,0065,Lois,Openda
Belgium,Forward,23,Oct-02,1993,Fenerbahce,0066,Michy,Batshuayi
Belgium,Forward,9,May-13,1993,Inter,0067,Romelu,Lukaku
Belgium,Goal Keeper,12,Mar-06,1988,Club Brugge,0068,Simon,Mignolet
Belgium,Goal Keeper,1,May-11,1992,Real Madrid,0069,Thibaut,Courtois
Belgium,Defender,15,Sep-12,1991,Borussia Dortmund,0070,Thomas,Meunier
Belgium,Midfield,16,Mar-29,1993,Borussia Dortmund,0071,Thorgan,Hazard
Belgium,Defender,21,Dec-05,1995,Leicester,0072,Timothy,Castagne
Belgium,Defender,2,Mar-02,1989,Antwerp,0073,Toby,Alderweireld
Belgium,Defender,4,Apr-03,1998,Leicester City,0074,Wout,Faes
Belgium,Midfield,11,Sep-04,1993,Atletico Madrid,0075,Yannick,Carrasco
Belgium,Midfield,8,May-07,1997,Leicester City,0076,Youri,Tielemans
Belgium,Defender,26,Oct-24,2003,Anderlecht,0077,Zeno,Debast
Brazil,Defender,6,Jan-26,1991,Juventus,0078,Alex,Sandro
Brazil,Defender,16,Dec-15,1992,Sevilla,0079,Alex,Telles
Brazil,Goal Keeper,1,Oct-02,1992,Liverpool,0080,Alisson,none
Brazil,Forward,19,Feb-24,2000,Manchester United,0081,Antony,none
Brazil,Defender,24,Mar-18,1997,Juventus,0082,Bremer,none
Brazil,Midfield,17,Nov-16,1997,Newcastle United,0083,Bruno,Guimaraes
Brazil,Midfield,5,Feb-23,1992,Manchester United,0084,Casemiro,none
Brazil,Defender,13,May-06,1983,UNAM,0085,Dani,Alves
Brazil,Defender,2,Jul-15,1991,Juventus,0086,Danilo,none
Brazil,Defender,14,Jan-18,1998,Real Madrid,0087,Eder,Militao
Brazil,Goal Keeper,23,Aug-17,1993,Manchester City,0088,Ederson,none
Brazil,Midfield,22,Apr-10,1989,Flamengo,0089,Everton,Ribeiro
Brazil,Midfield,15,Oct-23,1993,Liverpool,0090,Fabinho,none
Brazil,Midfield,8,Mar-05,1993,Manchester United,0091,Fred,none
Brazil,Forward,18,Apr-03,1997,Arsenal,0092,Gabriel,Jesus
Brazil,Forward,26,Jun-18,2001,Arsenal,0093,Gabriel,Matinelli
Brazil,Midfield,7,Aug-27,1997,West Ham United,0094,Lucas,Paqueta
Brazil,Defender,4,May-14,1994,PSG,0095,Marquinhos,none
Brazil,Forward,10,Feb-05,1992,PSG,0096,Neymar,none
Brazil,Forward,25,Jun-20,1997,Flamengo,0097,Pedro,none
Brazil,Forward,11,Dec-14,1996,Barcelona,0098,Raphinha,none
Brazil,Forward,9,May-10,1997,Tottenham,0099,Richarlison,none
Brazil,Forward,21,Jan-09,2001,Real Madrid,0100,Rodrygo,none
Brazil,Defender,3,Sep-22,1984,Chelsea,0101,Thiago,Silva
Brazil,Forward,20,Jul-12,2000,Real Madrid,0102,Vinicius,Jr
Brazil,Goal Keeper,12,Dec-13,1987,Palmeiras,0103,Weverton,none
Cameroon,Goal Keeper,23,Apr-02,1996,Inter,0104,Andre,Onana
Cameroon,Midfield,8,Nov-16,1995,Napoli,0105,Andre-Frank,Zambo Anguissa
Cameroon,Forward,20,Aug-07,1995,Brentford,0106,Bryan,Mbeumo
Cameroon,Forward,11,Oct-18,1995,Shanghai Shenhua,0107,Christian,Bassogog
Cameroon,Defender,4,Sep-18,2001,Rennes,0108,Christopher,Wooh
Cameroon,Defender,19,Aug-13,1992,Al-Tai,0109,Collins,Fai
Cameroon,Goal Keeper,16,Feb-02,1993,Abha,0110,Davis,Epassy
Cameroon,Defender,24,Mar-11,1999,Udinese,0111,Enzo,Ebosse
Cameroon,Forward,13,Mar-23,1989,Bayern Munich,0112,Eric,Maxim Choupo-Moting
Cameroon,Midfield,5,Nov-04,1995,Hannover,0113,Gael,Ondoua
Cameroon,Forward,7,Feb-13,1995,Besiktas,0114,Georges-Kevin,Nkoudou
Cameroon,Defender,21,Jan-26,1995,Nantes,0115,Jean,Charles Castelletto
Cameroon,Forward,9,May-01,1993,Young Boys,0116,JeanN.APierre,Nsame
Cameroon,Midfield,2,Sep-30,1998,San Diego Loyal SC,0117,Jerome,Ngom
Cameroon,Forward,12,Sep-14,1992,Lyon,0118,Karl,Toko Ekambi
Cameroon,Forward,6,Jul-09,1994,Dynamo Moscow,0119,Moumi,Ngamaleu
Cameroon,Defender,25,Jun-23,1997,Seattle Sounders,0120,Nouhou,Tolo
Cameroon,Defender,17,Aug-15,1997,Philadelphia Union,0121,Olivier,Mbaizo
Cameroon,Midfield,22,Feb-09,1996,Swansea City,0122,Olivier,Ntcham
Cameroon,Midfield,15,Jul-26,1995,Olympiacos,0123,Pierre,Kunde
Cameroon,Midfield,14,Dec-14,1997,Mechelen,0124,Samuel,Gouet
Cameroon,Goal Keeper,1,Apr-12,1993,Marseille,0125,Simon,Ngapandouetnbu
Cameroon,Forward,26,Dec-03,2000,Coton Sport de Garoua,0126,Souaibou,Marou
Cameroon,Forward,10,Jan-22,1992,Al-Nassr,0127,Vincent,Aboubakar
Canada,Defender,2,Oct-08,1998,Celtic,0128,Alistair,Johnson
Canada,Forward,19,Nov-02,2000,Bayern Munich,0129,Alphonso,Davies
Canada,Midfield,13,Feb-08,1983,Besiktas,0130,Atiba,Hutchinson
Canada,Forward,17,Apr-17,1995,Club Brugge,0131,Cyle,Larin
Canada,Midfield,24,Jan-16,1990,St. Johnstone,0132,David,Wotherspoon
Canada,Goal Keeper,1,May-09,1997,Minnesota United,0133,Dayne,St Clair
Canada,Defender,25,Nov-25,1997,Panaitolikos,0134,Derek,Cornelius
Canada,Forward,12,Sep-21,1998,Troyes,0135,Ike,Ugbo
Canada,Midfield,15,Jun-06,2002,Watford,0136,Ismael,Kone
Canada,Goal Keeper,16,Feb-21,1997,CF Montreal ,0137,James,Paternis
Canada,Defender,26,Jan-24,1996,Montreal Impact,0138,Joel,Waterman
Canada,Forward,20,Jan-14,2000,Lille,0139,Jonathan,David
Canada,Midfield,21,Jun-12,1992,Toronto,0140,Jonathan,Osorio
Canada,Forward,10,Jun-05,1990,Reading,0141,Junior,Hoilett
Canada,Defender,4,May-16,1997,Montreal Impact,0142,Kamal,Miller
Canada,Midfield,8,Feb-13,1998,KMSK Deinze,0143,Liam,Fraser
Canada,Forward,23,Sep-27,1999,Basel,0144,Liam,Millar
Canada,Forward,9,Dec-28,1992,Vancouver Whitecaps,0145,Lucas,Cavallini
Canada,Midfield,14,Dec-04,1994,Toronto,0146,Mark-Anthony,Kaye
Canada,Goal Keeper,18,Oct-23,1987,Red Star Belgrade,0147,Milan,Borjan
Canada,Defender,22,Jan-07,1995,Toronto,0148,Richie,Laryea
Canada,Defender,3,Jan-16,1995,Hatayspor,0149,Sam,Adekugbe
Canada,Midfield,6,Nov-12,1994,Montreal Impact,0150,Samuel,Piette
Canada,Midfield,7,Dec-21,1996,Porto,0151,Stephen,Eustaquio
Canada,Defender,5,Jan-11,1987,GD Chaves,0152,Steven,Vitória
Canada,Forward,11,Feb-08,1999,Club Brugge,0153,Tajon,Buchanan
Costa Rica,Midfield,26,Mar-09,2002,Saprissa,0154,Alvaro,Zamora
Costa Rica,Forward,7,Jan-29,2000,Herediano,0155,Anthony,Contreras
Costa Rica,Midfield,25,Oct-11,2001,Puntarenas,0156,Anthony,Hernandez
Costa Rica,Midfield,20,Jun-28,2003,Nottingham Forest,0157,Brandon,Aguilera
Costa Rica,Defender,8,Feb-18,1990,Real Salt Lake,0158,Bryan,Oviedo
Costa Rica,Midfield,10,Aug-18,1985,Alajuelense,0159,Bryan,Ruiz
Costa Rica,Defender,16,Mar-30,1999,San Carlos,0160,Carlos,Martinez
Costa Rica,Midfield,5,May-27,1988,Alajuelense,0161,Celso,Borges
Costa Rica,Midfield,2,Apr-11,2001,Colorado Rapids,0162,Daniel,Chacon
Costa Rica,Midfield,21,Sep-21,1998,Herediano,0163,Douglas,Lopez
Costa Rica,Goal Keeper,18,Apr-28,1989,Herediano,0164,Esteban,Alvarado
Costa Rica,Midfield,13,Aug-28,1997,Herediano,0165,Gerson,Torres
Costa Rica,Midfield,9,Jun-15,2004,Sunderland,0166,Jewison,Bennette
Costa Rica,Forward,12,Jun-26,1992,Leon,0167,Joel,Campbell
Costa Rica,Forward,11,Nov-27,1988,Alajuelense,0168,Johan,Venegas
Costa Rica,Defender,3,Jun-06,1995,Millonarios,0169,Juan,Pablo Vargas
Costa Rica,Defender,19,Jan-01,1988,Aprissa,0170,Kendall,Waston
Costa Rica,Goal Keeper,1,Dec-15,1986,PSG,0171,Keylor,Navas
Costa Rica,Defender,4,Jul-12,1994,Herediano,0172,Keysher,Fuller
Costa Rica,Defender,6,Jun-03,1989,Al-Wehda,0173,Oscar,Duarte
Costa Rica,Goal Keeper,23,Mar-01,1999,Lugo,0174,Patrick,Sequeira
Costa Rica,Midfield,24,May-01,2002,Municipal Grecia,0175,Roan,Wilson
Costa Rica,Defender,22,Jul-09,1994,Cincinnati,0176,Ronald,Matarrita
Costa Rica,Midfield,17,Mar-17,1992,Herediano,0177,Yeltsin,Tejeda
Costa Rica,Midfield,14,Jun-17,1996,Saprissa,0178,Youstin,Salas
Croatia,Forward,9,Jun-19,1991,Hoffenheim,0179,Andrej,Kramaric
Croatia,Forward,17,Jul-22,1991,Osasuna,0180,Ante,Budimir
Croatia,Defender,3,Nov-10,1992,Rangers,0181,Borna,Barisic
Croatia,Defender,19,Jan-21,1998,Stuttgart,0182,Borna,Sosa
Croatia,Forward,16,Sep-16,1997,Dinamo Zagreb,0183,Bruno,Petkovic
Croatia,Defender,6,Jul-05,1989,Zenit,0184,Dejan,Lovren
Croatia,Defender,21,Apr-29,1989,AEK Athens,0185,Domagoj,Vida
Croatia,Goal Keeper,1,Jan-09,1995,Dinamo Zagreb,0186,Dominik,Livakovic
Croatia,Forward,4,Feb-02,1989,Tottenham,0187,Ivan,Perisic
Croatia,Goal Keeper,23,Feb-01,1995,Osijek,0188,Ivica,Ivusic
Croatia,Goal Keeper,12,Jan-18,1996,Atletico Madrid,0189,Ivo,Grbic
Croatia,Defender,22,Aug-16,1995,Celtic,0190,Josip,Juranovic
Croatia,Defender,2,Apr-02,2000,Bayern Munich,0191,Josip,Stanisic
Croatia,Defender,24,Feb-28,2000,Dinamo Zagreb,0192,Josip,Sutalo
Croatia,Defender,20,Jan-23,2002,RB Leipzig,0193,Josko,Gvardiol
Croatia,Midfield,26,May-14,1997,Eintracht Frankfurt,0194,Kristijan,Jakic
Croatia,Midfield,7,Jan-17,1998,Rennes,0195,Lovro,Majer
Croatia,Midfield,10,Sep-09,1985,Real Madrid,0196,Luka,Modric
Croatia,Midfield,25,Sep-08,2002,Red Bull Salzburg,0197,Luka,Sucic
Croatia,Midfield,11,Nov-16,1992,Inter,0198,Marcelo,Brozovic
Croatia,Midfield,15,Feb-09,1995,Atalanta,0199,Mario,Pasalic
Croatia,Forward,14,Aug-26,1993,Hajduk Split,0200,Marko,Livaja
Croatia,Defender,5,Jan-24,1998,Sassuolo,0201,Martin,Erlic
Croatia,Midfield,8,May-06,1994,Chelsea,0202,Mateo,Kovacic
Croatia,Forward,18,Dec-29,1992,Dinamo Zagreb,0203,Mislav,Orsic
Croatia,Midfield,13,Oct-04,1997,Torino,0204,Nikola,Vlasic
Denmark,Defender,26,Dec-09,1997,Benfica,0205,Alexander,Bah
Denmark,Defender,6,Apr-10,1996,Barcelona,0206,Andreas,Christensen
Denmark,Forward,21,Mar-16,1993,Copenhagen,0207,Andreas,Cornelius
Denmark,Forward,11,Dec-29,1999,Club Brugge,0208,Andreas,Skov Olsen
Denmark,Midfield,10,Feb-14,1992,Manchester United,0209,Christian,Eriksen
Denmark,Midfield,15,Mar-10,1994,Brentford,0210,Christian,Norgaard
Denmark,Defender,18,May-31,1989,Brondby,0211,Daniel,Wass
Denmark,Goal Keeper,22,Aug-04,1992,Union Berlin,0212,Frederik,Ronnow
Denmark,Defender,17,Feb-21,1991,Trabzonspor,0213,Jens,Stryger Larsen
Denmark,Forward,25,Feb-29,2000,Eintracht Frankfurt,0214,Jesper,Lindstrom
Denmark,Defender,2,May-31,1996,Crystal Palace,0215,Joachim,Andersen
Denmark,Defender,5,May-20,1997,Atalanta,0216,Joakim,Maehle
Denmark,Forward,19,Feb-07,1999,Wolfsburg,0217,Jonas,Wind
Denmark,Forward,12,Oct-06,1997,Sevilla,0218,Kasper,Dolberg
Denmark,Goal Keeper,1,Nov-05,1986,Nice,0219,Kasper,Schmeichel
Denmark,Forward,9,Jun-05,1991,Espanyol,0220,Martin,Braithwaite
Denmark,Midfield,7,Jan-01,1996,Brentford,0221,Mathias,Jensen
Denmark,Forward,14,Jul-03,2000,Brentford,0222,Mikkel,Damsgaard
Denmark,Goal Keeper,16,Mar-22,1999,Hertha Berlin,0223,Oliver,Christensen
Denmark,Midfield,23,Aug-05,1995,Tottenham,0224,Pierre-Emile,Hojbjerg
Denmark,Defender,13,Jul-11,1997,Leeds United,0225,Rasmus,Kristensen
Denmark,Forward,24,May-20,1996,Hoffenheim ,0226,Robert,Skov
Denmark,Defender,4,Mar-26,1989,AC Milan,0227,Simon,Kjaer
Denmark,Defender,8,Sep-03,1991,Sevilla,0228,Thomas,Delaney
Denmark,Defender,3,Oct-14,1998,Galatasaray,0229,Victor,Nelsson
Denmark,Forward,20,Jun-15,1994,RB Leipzig,0230,Yussuf,Yurary Poulsen
Ecuador ,Midfield,21,Aug-21,1998,Talleres,0231,Alan,Franco
Ecuador ,Goal Keeper,22,Jun-05,1987,LDU Quito,0232,Alexander,Dominguez
Ecuador ,Midfield,15,Jan-21,1988,Leon,0233,Angel,Mena
Ecuador ,Defender,17,Feb-18,1998,Genk,0234,Angelo,Preciado
Ecuador ,Forward,9,Jul-17,1994,Santos Laguna,0235,Ayrton,Preciado
Ecuador ,Midfield,8,Apr-19,1995,FC Augsburg,0236,Carlos,Gruezo
Ecuador ,Defender,18,Jul-12,1999,Los Angeles FC,0237,Diego,Palacios
Ecuador ,Forward,24,Jan-18,1999,Newell's Old Boys,0238,Djorkaeff,Reasco
Ecuador ,Forward,13,Nov-04,1989,Fenerbahce,0239,Enner,Valencia
Ecuador ,Defender,2,Jan-11,1997,Santos Laguna,0240,Felix,Torres
Ecuador ,Midfield,19,Nov-01,2000,Real Valladolid,0241,Gonzalo,Plata
Ecuador ,Goal Keeper,1,Mar-30,1987,Aucas,0242,Hernan,Galindez
Ecuador ,Defender,25,Aug-04,2000,Troyes,0243,Jackson,Porozo
Ecuador ,Midfield,16,Jun-16,2002,Brighton,0244,Jeremy,Sarmiento
Ecuador ,Midfield,20,Apr-26,1997,Los Angeles FC,0245,Jhegson,Mendez
Ecuador ,Midfield,5,Mar-12,1999,Los Angeles FC,0246,Jose,Cifuentes
Ecuador ,Midfield,26,Mar-04,2000,Imbabura,0247,Kevin,Rodriguez
Ecuador ,Forward,11,Apr-07,1996,Cruz Azul,0248,Michael,Estrada
Ecuador ,Midfield,23,Nov-02,2001,Brighton,0249,Moises,Caicedo
Ecuador ,Goal Keeper,12,Sep-09,2000,Independiente del Valle,0250,Moises,Ramirez
Ecuador ,Defender,7,Jan-21,1998,Brighton,0251,Pervis,Estupinan
Ecuador ,Defender,3,Jan-09,2002,Bayer Leverkusen,0252,Piero,Hincapie
Ecuador ,Defender,4,Oct-22,1991,Sao Paulo,0253,Robert,Arboleda
Ecuador ,Forward,10,Sep-24,1994,Pachuca,0254,Romario,Ibarra
Ecuador ,Defender,6,Oct-16,2001,Antwerp,0255,William,Pacho
Ecuador ,Defender,14,Sep-28,1994,Seattle Sounders,0256,Xavier,Arreaga
England,Goal Keeper,23,May-14,1998,Arsenal,0257,Aaron,Ramsdale
England,Forward,17,Sep-05,2001,Arsenal,0258,Bukayo,Saka
England,Forward,24,Feb-27,1992,Newcastle United,0259,Callum,Wilson
England,Defender,16,Feb-25,1993,Everton,0260,Conor,Coady
England,Midfield,26,Feb-06,2000,Chelsea,0261,Conor,Gallagher
England,Midfield,4,Jan-14,1999,West Ham United,0262,Declan,Rice
England,Defender,15,Jan-15,1994,Tottenham,0263,Eric,Dier
England,Forward,9,Jul-28,1993,Tottenham,0264,Harry,Kane
England,Defender,6,Mar-05,1993,Manchester United,0265,Harry,Maguire
England,Midfield,7,Sep-10,1995,Manchester City,0266,Jack,Grealish
England,Forward,25,Nov-13,1996,Leicester City,0267,James,Maddison
England,Defender,5,May-28,1994,Manchester City,0268,John,Stones
England,Midfield,8,Jun-17,1990,Liverpool,0269,Jordan,Henderson
England,Goal Keeper,1,Mar-07,1994,Everton,0270,Jordan,Pickford
England,Midfield,22,Jun-29,2003,Borussia Dortmund,0271,Jude,Bellingham
England,Midfield,14,Dec-02,1995,Manchester City,0272,Kalvin,Phillips
England,Defender,12,Sep-19,1990,Newcastle United,0273,Kieran,Trippier
England,Defender,2,May-28,1990,Manchester City,0274,Kyle,Walker
England,Defender,3,Jul-12,1995,Manchester United,0275,Luke,Shaw
England,Forward,11,Oct-31,1997,Manchester United,0276,Marcus,Rashford
England,Midfield,19,Jan-10,1999,Chelsea,0277,Mason,Mount
England,Goal Keeper,13,Apr-19,1992,Newcastle United,0278,Nick,Pope
England,Midfield,20,May-28,2000,Manchester City,0279,Phil,Foden
England,Forward,10,Dec-08,1994,Chelsea,0280,Raheem,Sterling
England,Defender,18,Oct-07,1998,Liverpool,0281,Trent,Alexander-Arnold
France,Midfield,14,Apr-03,1995,Juventus,0282,Adrien,Rabiot
France,Goal Keeper,23,Feb-27,1993,West Ham United,0283,Alphonse,Areola
France,Forward,7,Mar-21,1991,Atletico Madrid,0284,Antoine,Griezmann
France,Midfield,8,Jan-27,2000,Real Madrid,0285,Aurelien,Tchouaméni
France,Defender,3,Mar-11,1998,PSG,0286,Axel,Disasi
France,Defender,2,Mar-28,1996,Bayern Munich,0287,Benjamin,Pavard
France,Defender,18,Oct-27,1998,Bayern Munich,0288,Dayot,Upamecano
France,Midfield,25,Nov-10,2002,Real Madrid,0289,Eduardo,Camavinga
France,Goal Keeper,1,Dec-26,1986,Tottenham,0290,Hugo,Lloris
France,Defender,24,May-25,1999,Liverpool,0291,Ibrahima,Konate
France,Midfield,15,Mar-01,1999,Marseille,0292,Jordan,Veretout
France,Defender,5,Nov-12,1998,Barcelona,0293,Jules,Kounde
France,Forward,20,Jun-13,1996,Bayern Munich,0294,Kingsley,Coman
France,Forward,10,Dec-20,1998,PSG,0295,Kylian,Mbappe
France,Defender,21,Feb-14,1996,Bayern Munich,0296,Lucas,Hernandez
France,Forward,26,Aug-06,1997,Borussia Monchengladbach,0297,Marcus,Thuram
France,Midfield,6,Apr-14,1999,Marseille,0298,Matteo,Guendouzi
France,Forward,9,Sep-30,1986,AC Milan,0299,Olivier,Giroud
France,Forward,11,May-15,1997,Barcelona,0300,Ousmane,Dembele
France,Forward,12,Dec-05,1998,Eintracht Frankfurt,0301,Randal,Kolo Muani
France,Defender,4,Apr-25,1993,Man Utd,0302,Raphael,Varane
France,Goal Keeper,16,Mar-28,1985,Rennes,0303,Steve,Mandanda
France,Defender,22,Oct-06,1994,AC Milan,0304,Theo,Hernandez
France,Defender,17,Mar-24,2001,Arsenal,0305,William,Saliba
France,Midfield,19,Jan-10,1999,Monaco,0306,Youssouf,Fofana
Germany,Defender,2,Mar-03,1993,Real Madrid,0307,Antonio,Rudiger
Germany,Defender,25,Dec-11,2001,Southampton,0308,Armel,BellaN.AKotchap
Germany,Defender,20,Feb-28,1993,Freiburg,0309,Christian,Gunter
Germany,Defender,3,Apr-22,1998,RB Leipzig,0310,David,Raum
Germany,Midfield,21,Oct-24,1990,Manchester City,0311,Ilkay,Gundogan
Germany,Midfield,14,Feb-26,2003,Bayern Munich,0312,Jamal,Musiala
Germany,Midfield,18,Jul-14,1992,Borussia Monchengladbach,0313,Jonas,Hofmann
Germany,Midfield,6,Feb-08,1995,Bayern Munich,0314,Joshua,Kimmich
Germany,Midfield,17,May-02,1996,Borussia Dortmund,0315,Julian,Brandt
Germany,Midfield,7,Jun-11,1999,Chelsea,0316,Kai,Havertz
Germany,Forward,24,Jan-18,2002,Borussia Dortmund,0317,Karim,Adeyemi
Germany,Goal Keeper,12,Jul-08,1990,Eintracht Frankfurt,0318,Kevin,Trapp
Germany,Midfield,8,Feb-06,1995,Bayern Munich,0319,Leon,Goretzka
Germany,Forward,19,Jan-11,1996,Bayern Munich,0320,Leroy,Sane
Germany,Defender,16,Jun-03,1996,RB Leipzig,0321,Lukas,Klostermann
Germany,Goal Keeper,1,Mar-27,1986,Bayern Munich,0322,Manuel,Neuer
Germany,Goal Keeper,22,Apr-30,1992,Barcelona,0323,Marc-Andre,ter Stegen
Germany,Midfield,11,Jun-03,1992,Eintracht Frankfurt,0324,Mario,Gotze
Germany,Defender,4,Jan-18,1994,Freiburg,0325,Matthias,Ginter
Germany,Forward,9,Feb-09,1993,Werder Bremen,0326,Niclas,Fullkrug
Germany,Defender,23,Dec-01,1999,Borussia Dortmund,0327,Nico,Schlotterbeck
Germany,Defender,15,Sep-03,1995,Borussia Dortmund,0328,Niklas,Sule
Germany,Forward,10,Jul-14,1995,Bayern Munich,0329,Serge,Gnabry
Germany,Defender,5,Sep-21,1996,West Ham United,0330,Thilo,Kehrer
Germany,Forward,13,Sep-13,1989,Bayern Munich,0331,Thomas,Muller
Germany,Forward,26,Nov-20,2004,Borussia Dortmund,0332,Youssoufa,Moukoko
Ghana,Defender,17,Jul-02,1994,Reading,0333,Abdul-Rahman,Baba
Ghana,Defender,23,Aug-09,1994,Strasbourg,0334,Alexander,Djiku
Ghana,Defender,26,Jun-04,2000,Clermont,0335,Alidu,Seidu
Ghana,Midfield,10,Dec-17,1989,Al-Sadd,0336,Andre,Ayew
Ghana,Forward,25,Jan-07,2000,Bristol City,0337,Antoine,Semenyo
Ghana,Defender,18,Dec-21,1994,Leicester City,0338,Daniel,Amartey
Ghana,Forward,13,Jun-26,2001,Hearts of Oak,0339,Daniel,Barnieh Afriyie
Ghana,Midfield,8,Mar-09,1996,SC Freiburg,0340,Daniel,Kofi Kyereh
Ghana,Goal Keeper,12,Dec-02,2002,Asante Kotoko,0341,Danlad,Ibrahim
Ghana,Defender,3,May-27,1988,Club Brugge,0342,Denis,Odoi
Ghana,Midfield,6,Nov-07,1997,Gent,0343,Elisha,Owusu
Ghana,Defender,14,Jul-18,1998,Auxerre,0344,Gideon,Mensah
Ghana,Forward,19,Jun-15,1994,Athletic Club,0345,Inaki,Williams
Ghana,Forward,7,Mar-08,2004,Sporting CP,0346,Issahaku,Abdul Fatawu
Ghana,Forward,9,Sep-11,1991,Crystal Palace,0347,Jordan,Ayew
Ghana,Defender,15,Sep-29,1995,Celta Vigo,0348,Joseph,Aidoo
Ghana,Forward,24,Jan-09,2000,Club Brugge,0349,Kamal,Sowah
Ghana,Forward,22,Feb-15,2002,Rennes,0350,Kamaldeen,Sulemana
Ghana,Goal Keeper,1,Nov-29,1996,St. Gellen,0351,Lawrence,Ati Zigi
Ghana,Goal Keeper,16,Feb-08,1999,Eupen,0352,Manaf,Nurudeen
Ghana,Midfield,20,Aug-02,2000,Ajax,0353,Mohammed,Kudus
Ghana,Defender,4,Apr-17,1999,Southampton,0354,Mohammed,Salisu
Ghana,Forward,11,Dec-13,1998,Red Star Belgrade,0355,Osman,Bukari
Ghana,Midfield,21,Mar-26,2000,Lens,0356,Salis,Abdul Samed
Ghana,Defender,2,Sep-30,2000,Brighton,0357,Tariq,Lamptey
Ghana,Midfield,5,Jun-13,1993,Arsenal,0358,Thomas,Partey
Iran,Defender,25,Jun-26,1998,Esteghlal,0359,Abolfazi,Jalali
Iran,Midfield,21,Jan-02,1993,Shabab Al-Ahli,0360,Ahmad,Nourollahi
Iran,Midfield,17,Mar-10,1996,Charleroi,0361,Ali,Gholizadeh
Iran,Midfield,18,Feb-11,1994,Kayserispor,0362,Ali,Karimi
Iran,Goal Keeper,1,Sep-12,1992,Persepolis,0363,Alireza,Beiranvand
Iran,Midfield,7,Aug-11,1993,Feyenoord,0364,Alireza,Jahanbakhsh
Iran,Goal Keeper,22,Apr-26,1993,Ponferradina,0365,Amir,Absedzadeh
Iran,Defender,3,Feb-25,1990,AEK Athens,0366,Ehsan,Hajsafi
Iran,Goal Keeper,24,May-30,1992,Esteghlal,0367,Hossein,Hosseini
Iran,Defender,13,Mar-23,1994,Al Ahli,0368,Hossein,Kanaani
Iran,Forward,10,Apr-03,1990,Omonia,0369,Karim,Ansarifard
Iran,Defender,19,Jun-20,1996,Kayserispor,0370,Majid,Hosseini
Iran,Forward,9,Jul-18,1992,Porto,0371,Mehdi,Taremi
Iran,Midfield,16,Sep-10,1994,Persepolis,0372,Mehdi,Torabi
Iran,Defender,5,Sep-29,1993,AEK Athens,0373,Milad,Mohammadi
Iran,Defender,8,Apr-19,1992,Persepolis,0374,Morteza,Pouraliganji
Iran,Goal Keeper,12,Apr-06,1995,Sepahann,0375,Payam,Niazmand
Iran,Defender,23,Mar-21,1990,Sepahan,0376,Ramin,Rezaeian
Iran,Midfield,15,Jun-24,1993,Esteghlal,0377,Rouzbeh,Cheshmi
Iran,Defender,2,Mar-24,1996,Dinamo Zagreb,0378,Sadegh,Moharrami
Iran,Midfield,6,Oct-01,1996,Vejle,0379,Saeid,Ezatolahi
Iran,Midfield,14,Sep-06,1993,Brentford,0380,Saman,Ghoddos
Iran,Forward,20,Jan-01,1995,Bayer Leverkusen,0381,Sardar,Azmoun
Iran,Defender,4,May-31,1989,AlN.AAhli,0382,Shojae,Khalilzadeh
Iran,Midfield,11,Apr-02,1988,Persepolis,0383,Vahid,Amiri
Japan,Midfield,17,Sep-10,1998,Fortuna Dusseldorf,0384,Ao,Tanaka
Japan,Forward,21,Aug-28,1998,Cercle Brugge,0385,Ayase,Ueda
Japan,Midfield,15,Nov-05,1996,Eintracht Frankfurt,0386,Daichi,Kamada
Japan,Forward,25,Oct-20,1997,Celtic,0387,Daizen,Maeda
Japan,Goal Keeper,23,Feb-03,1992,Sint-Truiden,0388,Daniel,Schmidt
Japan,Goal Keeper,1,Mar-20,1983,Strasbourg,0389,Eiji,Kawashima
Japan,Midfield,7,May-28,1992,Leganes,0390,Gaku,Shibasaki
Japan,Midfield,13,May-10,1995,Sporting,0391,Hidemasa,Morita
Japan,Defender,26,May-12,1999,Stuttgart,0392,Hiroki,Ito
Japan,Defender,19,Apr-12,1990,Urawa Red Diamonds,0393,Hiroki,Sakai
Japan,Midfield,14,Mar-09,1993,Reims,0394,Junya,Ito
Japan,Midfield,9,May-20,1997,Brighton,0395,Kaoru,Mitoma
Japan,Defender,22,Aug-24,1988,Schalke,0396,Maya,Yoshida
Japan,Defender,2,Dec-22,1993,Kawasaki Frontale,0397,Miki,Yamane
Japan,Midfield,8,Jun-16,1998,Freiburg,0398,Ritsu,Doan
Japan,Defender,3,Jul-15,1991,Kawasaki Frontale,0399,Shogo,Taniguchi
Japan,Goal Keeper,12,Mar-03,1989,Shimizu S-Pulse,0400,Shuichi,Gonda
Japan,Forward,20,Sep-30,1999,Shonan Bellmare,0401,Shuto,Machino
Japan,Defender,16,Nov-05,1998,Arsenal,0402,Takehiro,Tomiyasu
Japan,Forward,18,Nov-10,1994,Bochum,0403,Takuma,Asano
Japan,Midfield,10,Jan-16,1995,Monaco,0404,Takumi,Minamino
Japan,Midfield,6,Feb-09,1993,Stuttgart,0405,Wataru,Endo
Japan,Midfield,24,Feb-25,1997,Nagoya Grampus,0406,Yuki,Soma
Japan,Defender,5,Sep-12,1986,Tokyo,0407,Yuto,Nagatomo
Mexico ,Midfield,10,Nov-25,1997,Guadalajara,0408,Alexis,Vega
Mexico ,Goal Keeper,1,Sep-18,1982,Juarez,0409,Alfredo,Talavera
Mexico ,Midfield,18,Sep-28,1986,Real Betis,0410,Andres,Guardado
Mexico ,Midfield,8,Jan-03,1997,Cruz Azul,0411,Carlos,Rodriguez
Mexico ,Defender,3,Feb-24,1997,Monterrey,0412,Cesar,Montes
Mexico ,Midfield,4,Oct-24,1997,Ajax,0413,Edson,Alvarez
Mexico ,Midfield,14,Jun-15,1995,PSV,0414,Erick,Gutierrez
Mexico ,Defender,6,Sep-07,1998,Genk,0415,Gerardo,Arteaga
Mexico ,Goal Keeper,13,Jul-13,1985,America,0416,Guillermo,Ochoa
Mexico ,Midfield,16,Apr-19,1990,Houston Dynamo,0417,Hector,Herrera
Mexico ,Defender,15,Jan-17,1988,Monterrey,0418,Hector,Moreno
Mexico ,Forward,20,Nov-18,1992,America,0419,Henry,Martin
Mexico ,Forward,22,Jul-30,1995,Napoli,0420,Hirving,Lozano
Mexico ,Defender,23,Aug-15,1994,Monterrey,0421,Jesus,Gallardo
Mexico ,Defender,5,Oct-22,1998,Cremonese,0422,Johan,Vasquez
Mexico ,Defender,19,Dec-10,1997,Ajax,0423,Jorge,Sanchez
Mexico ,Defender,26,Jan-15,1999,Pachuca,0424,Kevin,Alvarez
Mexico ,Midfield,24,Jan-15,1996,Pachuca,0425,Luis,Chavez
Mexico ,Midfield,7,Jun-05,1995,Monterrey,0426,Luis,Romo
Mexico ,Defender,2,Aug-29,1991,America,0427,Nestor,Araujo
Mexico ,Midfield,17,Mar-24,1996,AEK Athens,0428,Orbelin,Pineda
Mexico ,Forward,9,May-05,1991,Wolves,0429,Raul,Jimenez
Mexico ,Midfield,25,Sep-07,1998,Guadalajara,0430,Roberto,Alvarado
Mexico ,Goal Keeper,12,Jul-03,1987,Leon,0431,Rodolfo,Cota
Mexico ,Forward,11,Mar-05,1991,Monterrey,0432,Rogelio,Funes Mori
Mexico ,Midfield,21,Aug-21,1997,Cruz Azul,0433,Uriel,Antuna
Morocco ,Forward,16,Dec-17,2001, Osasuna,0434,Abde,Ezzalzouli
Morocco ,Midfield,11,Nov-28,1996,Sampdoria,0435,Abdelhamid,Sabiri
Morocco ,Forward,9,Dec-17,1990,Al-Ittihad,0436,Abderrazak,Hamdallah
Morocco ,Defender,20,May-06,1999,Brest,0437,Achraf,Dari
Morocco ,Defender,2,Nov-04,1998,PSG,0438,Achraf,Hakimi
Morocco ,Goal Keeper,22,Apr-05,1996,Wydad AC,0439,Ahmed,Reda Tagnaouti
Morocco ,Forward,10,Nov-07,2000,Burnley,0440,Anass,Zaroury
Morocco ,Midfield,8,Apr-19,2000,Angers,0441,Azzedine,Ounahi
Morocco ,Defender,24,Sep-30,1993,Qatar SC,0442,Badr,Benoun
Morocco ,Midfield,23,May-10,2004,Genk,0443,Bilal,El Khannous
Morocco ,Forward,7,Mar-19,1993,Chelsea,0444,Hakim,Ziyech
Morocco ,Forward,13,Oct-30,1997,QPR,0445,Ilias,Chair
Morocco ,Defender,18,Feb-29,1992,Valladolid,0446,Jawad,El Yamiq
Morocco ,Goal Keeper,12,May-10,1989,Al Wehda,0447,Munir,Mohamedi
Morocco ,Defender,5,Mar-30,1996,West Ham United,0448,Nayef,Aguerd
Morocco ,Defender,3,Nov-14,1997,Bayern Munich,0449,Noussair,Mazraoui
Morocco ,Defender,6,Mar-26,1990,Besiktas,0450,Roman,Saiss
Morocco ,Midfield,15,Nov-15,1996,Standard Liege,0451,Selim,Amallah
Morocco ,Forward,17,Sep-17,1993,Angers,0452,Sofiane,Boufal
Morocco ,Midfield,4,Aug-21,1996,Fiorentina,0453,Sofyan,Amrabat
Morocco ,Forward,21,Jan-22,1998,Bari,0454,Walid,Cheddira
Morocco ,Defender,25,Mar-02,1995,Wydad AC,0455,Yahia,Attiyat Allah
Morocco ,Midfield,26,Jun-18,1991,Wydad AC,0456,Yahya,Jabrane
Morocco ,Goal Keeper,1,Apr-05,1991,Sevilla,0457,Yassine,Bounou
Morocco ,Forward,19,Jun-01,1997,Sevilla,0458,Youssef,En-Nesyri
Morocco ,Forward,14,Feb-18,2000,Toulouse,0459,Zakaria,Aboukhlal
Netherlands ,Goal Keeper,23,Apr-07,1994,Heerenveen,0460,Andries,Noppert
Netherlands ,Forward,8,May-07,1999,PSV,0461,Cody,Gakpo
Netherlands ,Defender,17,Mar-09,1990,Ajax,0462,Daley,Blind
Netherlands ,Midfield,14,Feb-21,1993,Ajax,0463,Davy,Klaassen
Netherlands ,Defender,22,Apr-18,1996,Inter,0464,Denzel,Dumfries
Netherlands ,Midfield,21,May-12,1997,Barcelona,0465,Frenkie,de Jong
Netherlands ,Defender,26,Dec-10,2000,Bayer Leverkusen,0466,Jeremie,Frimpong
Netherlands ,Defender,2,Jun-17,2001,Ajax,0467,Jurrien,Timber
Netherlands ,Goal Keeper,13,Jan-22,1998,Feyenoord,0468,Justin,Bijlow
Netherlands ,Midfield,24,May-16,2002,Ajax,0469,Kenneth,Taylor
Netherlands ,Forward,9,Aug-27,1990,PSV,0470,Luuk,de Jong
Netherlands ,Midfield,15,Mar-29,1991,Atalanta,0471,Maarten,de Roon
Netherlands ,Defender,3,Aug-12,1999,Bayern Munich,0472,Matthijs,de Ligt
Netherlands ,Forward,10,Feb-13,1994,Barcelona,0473,Memphis,Depay
Netherlands ,Defender,5,Feb-18,1995,Manchester City,0474,Nathan,Ake
Netherlands ,Forward,12,Jun-17,1999,Club Brugge,0475,Noa,Lang
Netherlands ,Goal Keeper,1,Nov-08,1983,Ajax,0476,Remko,Pasveer
Netherlands ,Defender,6,Feb-05,1992,Inter,0477,Stefan,de Vrij
Netherlands ,Midfield,11,Dec-19,1991,Ajax,0478,Steven,Berghuis
Netherlands ,Forward,7,Oct-08,1997,Ajax,0479,Steven,Bergwijn
Netherlands ,Midfield,20,Feb-28,1998,Atalanta,0480,Teun,Koopmeiners
Netherlands ,Defender,16,Jun-17,1999,Manchester United,0481,Tyrell,Malacia
Netherlands ,Forward,18,Jun-15,1994,Antwerp,0482,Vincent,Janssen
Netherlands ,Defender,4,Jul-08,1991,Liverpool,0483,Virgil,van Dijk
Netherlands ,Forward,19,Aug-07,1992,Besiktas,0484,Wout,Weghorst
Netherlands ,Midfield,25,Apr-21,2003,PSV,0485,Xavi,Simons
Poland ,Forward,7,Feb-28,1994,Juventus,0486,Arkadiusz,Milik
Poland ,Defender,3,Nov-04,1987,Legia Warsaw,0487,Artur,Jedrzejczyk
Poland ,Defender,18,Jul-12,1992,Sampdoria,0488,Bartosz,Bereszynski
Poland ,Midfield,8,Jun-16,1995,AEK Athens,0489,Damian,Szymanski
Poland ,Midfield,10,Jan-29,1990,Al-Shabab,0490,Grzegorz,Krychowiak
Poland ,Midfield,13,Jun-05,2002,Wolfsburg,0491,Jakub,Kaminski
Poland ,Defender,14,Feb-15,2000,Spezia,0492,Jakub,Kiwior
Poland ,Defender,5,Apr-12,1996,Aston Villa,0493,Jan,Bednarek
Poland ,Defender,15,Feb-03,1988,Benevento,0494,Kamil,Glik
Poland ,Goal Keeper,22,Jan-08,1999,FC Copenhagen,0495,Kamil,Grabara
Poland ,Midfield,11,Jun-08,1988,Pogon Szczecin,0496,Kamil,Grosicki
Poland ,Forward,16,Jan-23,1997,Charlotte FC,0497,Karol,Swiderski
Poland ,Midfield,6,Jan-04,1998,Birmingham City,0498,Krystian,Bielik
Poland ,Forward,23,Jul-01,1995,Salernitana,0499,Krzysztof,Piatek
Poland ,Goal Keeper,12,May-05,1991,Bologna,0500,Lukasz,Skorupski
Poland ,Defender,4,Feb-11,1997,Clermont,0501,Mateusz,Wieteska
Poland ,Defender,2,Aug-07,1997,Aston Villa,0502,Matty,Cash
Poland ,Midfield,26,Feb-15,2000,Lech Poznan,0503,Michal,Skoras
Poland ,Defender,21,Jan-23,2002,Roma,0504,Nicola,Zalewski
Poland ,Midfield,20,May-20,1994,Napoli,0505,Piotr,Zielinski
Poland ,Midfield,24,Apr-12,1995,Lens,0506,Przemyslaw,Frankowski
Poland ,Defender,25,Jun-04,1998,Augsburg,0507,Robert,Gumny
Poland ,Forward,9,Aug-21,1988,Barcelona,0508,Robert,Lewandowski
Poland ,Midfield,19,May-10,1999,Feyenoord,0509,Sebastian,Szymanski
Poland ,Midfield,17,Sep-25,1997,Fiorentina,0510,Szymon,Zurkowski
Poland ,Goal Keeper,1,Apr-15,1990,Juventus,0511,Wojciech,Szczesny
Portugal,Forward,24,Nov-06,1995,RB Leipzig,0512,Andre,Silva
Portugal,Defender,24,Oct-30,2003,Benfica,0513,Antonio,Silva
Portugal,Midfield,10,Aug-10,1994,Manchester City,0514,Bernardo,Silva
Portugal,Midfield,8,Sep-08,1994,Manchester United,0515,Bruno,Fernandes
Portugal,Forward,7,Feb-05,1985,N.A,0516,Cristiano,Ronaldo
Portugal,Defender,13,Sep-09,1991,PSG,0517,Danilo,Pereira
Portugal,Goal Keeper,22,Sep-19,1999,Porto,0518,Diogo,Costa
Portugal,Defender,2,Mar-18,1999,Manchester United,0519,Diogo,Dalot
Portugal,Forward,26,Jun-20,2001,Benfica,0520,Goncalo,Ramos
Portugal,Defender,20,May-27,1994,Manchester City,0521,Joao,Cancelo
Portugal,Forward,11,Nov-10,1999,Atletico Madrid,0522,Joao,Felix
Portugal,Midfield,17,Jan-19,1993,Benfica,0523,Joao,Mario
Portugal,Midfield,6,Jul-09,1995,Fulham,0524,Joao,Palhinha
Portugal,Goal Keeper,12,Jan-17,1993,Wolves,0525,Jose,Sa
Portugal,Midfield,23,Aug-27,1998,Wolves,0526,Matheus,Nunes
Portugal,Defender,19,Jun-19,2002,PSG,0527,Nuno,Mendes
Portugal,Midfield,25,Feb-09,1995,Porto,0528,Otavio,none
Portugal,Defender,3,Feb-26,1983,Porto,0529,Pepe,none
Portugal,Forward,15,Jun-10,1999,AC Milan,0530,Rafael,Leao
Portugal,Defender,5,Dec-22,1993,Borussia Dortmund,0531,Raphael,Guerreiro
Portugal,Forward,21,Sep-15,1994,SC Braga,0532,Ricardo,Horta
Portugal,Defender,4,May-14,1997,Manchester City,0533,Ruben,Dias
Portugal,Midfield,18,Mar-13,1997,Wolves,0534,Ruben,Neves
Portugal,Goal Keeper,1,Feb-15,1988,Roma,0535,Rui,Patricio
Portugal,Midfield,16,Feb-13,2000,PSG,0536,Vitinha,none
Portugal,Midfield,14,Apr-07,1992,Real Betis,0537,William,Carvalho
Qatar,Defender,3,Aug-28,1993,AlN.ASadd,0538,Abdelkarim,Hassan
Qatar,Midfield,6,Oct-28,1990,Al-Rayyan,0539,Abdulaziz,Hatem
Qatar,Forward,7,Jan-31,1993,Al-Gharafa,0540,Ahmed,Alaaeldin
Qatar,Forward,11,Nov-18,1996,Al-Sadd,0541,Akram,Afif
Qatar,Midfield,8,Jan-19,1993,AlN.ASadd,0542,Ali,Assadalla
Qatar,Forward,19,Aug-19,1996,Al-Duhail,0543,Almoez,Ali
Qatar,Midfield,23,Oct-22,1996,AlN.ADuhail,0544,Assim,Madibo
Qatar,Defender,,Dec-16,1997,Al-Duhail,0545,Bassam,Al-Rawi
Qatar,Defender,16,Sep-07,1990,Al-Sadd,0546,Boualem,Khoukhi
Qatar,Forward,10,Dec-11,1990,Al-Sadd,0547,Hassan,Al-Haydos
Qatar,Defender,14,Aug-25,1999,AlN.AGharafa,0548,Homam,Ahmed
Qatar,Forward,17,Apr-05,1990,AlN.ADuhail,0549,Ismaeel,Mohammada
Qatar,Defender,25,Feb-20,2002,AlN.AArabi,0550,Jassem,Gaber
Qatar,Midfield,12,Sep-16,1990,Al-Duhail,0551,Karim,Boudiaf
Qatar,Forward,18,Feb-24,1998,AlN.AWakrah,0552,Khalid,Muneer
Qatar,Goal Keeper,22,Feb-14,1998,AlN.ASadd,0553,Meshaal,Barsham
Qatar,Forward,9,Dec-20,1993,AlN.ADuhail,0554,Mohammed,Muntari
Qatar,Midfield,4,Sep-18,1999,AlN.ASadd,0555,Mohammed,Waad
Qatar,Defender,13,Sep-26,1993,AlN.ASadd,0556,Musab,Kheder
Qatar,Midfield,26,Mar-28,2001,AlN.ASadd,0557,Mustafa,Tarek
Qatar,Forward,24,Jul-18,2001,AlN.ARayyan,0558,Naif,AlN.AHadhrami
Qatar,Defender,2,Aug-06,1990,Al-Sadd,0559,Pedro,Miguel
Qatar,Goal Keeper,1,Feb-19,1990,Al-Sadd,0560,Saad,Al Sheeb
Qatar,Midfield,20,Apr-10,1996,N.A,0561,Salem,AlN.AHajri
Qatar,Defender,5,Dec-05,1997,Al-Sadd,0562,Tarek,Salman
Qatar,Goal Keeper,21,May-24,1996,AlN.AGharafa,0563,Yousef,Hassan
Saudi Arabia,Defender,4,Jan-15,1997,Al-Nassr,0564,Abdulelah,Al-Amri
Saudi Arabia,Midfield,8,Oct-11,1994,Al-Hilal,0565,Abdulellah,Al-Malki
Saudi Arabia,Defender,3,Jul-15,1993,Al-Nassr,0566,Abdullah,Madu
Saudi Arabia,Midfield,14,Aug-03,1992,AlN.AHilal,0567,Abdullah,Otayf
Saudi Arabia,Midfield,20,Jun-01,1995,Al-Ittihad,0568,Abdulrahman,Al-Aboud
Saudi Arabia,Defender,5,Nov-21,1989,Al-Hilal,0569,Ali,Al-Bulaihi
Saudi Arabia,Midfield,15,Mar-04,1997,Al-Nassr,0570,Ali,Al-Hassan
Saudi Arabia,Forward,9,May-14,2000,Al-Fateh,0571,Firas,Al-Buraikan
Saudi Arabia,Forward,25,Mar-25,2001,AlN.AAhli,0572,Haitham,Asiri
Saudi Arabia,Defender,17,Feb-09,1999,Al-Shabab,0573,Hassan,Tambakti
Saudi Arabia,Midfield,23,Sep-22,1994,AlN.AHilal,0574,Mohamed,Kanno
Saudi Arabia,Goal Keeper,1,Aug-14,1997,Al-Ahli,0575,Mohammed,Al Yami
Saudi Arabia,Defender,6,Sep-15,1992,Al-Hilal,0576,Mohammed,Al-Breik
Saudi Arabia,Goal Keeper,21,Oct-10,1991,Al-Hilal,0577,Mohammed,Al-Owais
Saudi Arabia,Midfield,24,Dec-19,1998,Al-Hilal,0578,Nasser,Al-Dawsari
Saudi Arabia,Midfield,18,Jan-26,1990,Al-Shabab,0579,Nawaf,Alabid
Saudi Arabia,Goal Keeper,22,May-10,2000,Al-Nassr,0580,Nawaf,Al-Aqidi
Saudi Arabia,Forward,11,Nov-01,1993,Al-Hilal,0581,Saleh,Al-Shehri
Saudi Arabia,Midfield,10,Aug-19,1991,Al-Hilal,0582,Salem,Al-Dawsari
Saudi Arabia,Midfield,7,Aug-01,1989,Al-Hilal,0583,Salman,Al-Faraj
Saudi Arabia,Midfield,16,Feb-07,1997,Al-Nassr,0584,Sami,Al-Najei
Saudi Arabia,Defender,12,Jul-18,1999,Al-Hilal,0585,Saud,Abdulhamid
Saudi Arabia,Defender,2,May-06,1994,Al-Nassr,0586,Sultan,Al-Ghanam
Saudi Arabia,Defender,13,May-25,1992,Al-Hilal,0587,Yasser,Al-Shahrani
Senegal,Defender,22,May-04,1996,RB Leipzig,0588,Abdou,Diallo
Senegal,Goal Keeper,23,Sep-05,1993,Rennes,0589,Alfred,Gomis
Senegal,Forward,20,Mar-23,2000,Marseille,0590,Bamba,Dieng
Senegal,Forward,9,Nov-16,1996,Salernitana,0591,Boulaye,Dia
Senegal,Goal Keeper,16,Mar-01,1992,Chelsea,0592,Edouard,Mendy
Senegal,Forward,19,Dec-15,1992,Alanyaspor,0593,Famara,Diedhiou
Senegal,Defender,12,Jan-03,1997,AC Milan,0594,Fode,Ballo-Toure
Senegal,Defender,2,Jan-02,2001,Amiens,0595,Formose,Mendy
Senegal,Forward,13,Mar-06,2000,Sheffield United,0596,Iliman,Ndiaye
Senegal,Defender,14,Aug-17,1999,AS Monaco,0597,Ismail,Jakobs
Senegal,Forward,18,Feb-25,1998,Watford,0598,Ismalia,Sarr
Senegal,Defender,3,Jun-20,1991,Chelsea,0599,Kalidou,Koulibaly
Senegal,Midfield,15,Feb-25,1999,AS Monaco,0600,Krepin,Diatta
Senegal,Midfield,25,Dec-30,1996,Pafos,0601,Loum,Ndiaye
Senegal,Defender,10,Jun-18,2002,Anderlecht,0602,Moussa,Ndiaye
Senegal,Midfield,24,May-05,1995,Monaco,0603,Moustapha,Name
Senegal,Midfield,6,Jun-23,1992,Leicester City,0604,Nampalys,Mendy
Senegal,Forward,7,Jun-20,2001,Villarreal,0605,Nicolas,Jackson
Senegal,Defender,4,Sep-14,1995,Olympiacos,0606,Papa,Abou Cisse
Senegal,Midfield,26,Jan-24,1999,Marseille,0607,Papa,Gueye
Senegal,Midfield,17,Sep-14,2002,Tottenham Hotspur,0608,Pape,Matar Sarr
Senegal,Midfield,11,Mar-16,1994,Rayo Vallecano,0609,Pathe,Ciss
Senegal,Goal Keeper,1,Nov-23,1994,QPR,0610,Seny,Dieng
Senegal,Defender,21,Mar-05,1993,Real Betis,0611,Youssouf,Sabaly
Serbia,Forward,9,Sep-16,1994,Fulham,0612,Aleksandr,Mitrovic
Serbia,Midfield,14,Jul-11,1996,PAOK,0613,Andrija,Zivkovic
Serbia,Midfield,22,Sep-15,1990,Verona,0614,Darko,Lazovic
Serbia,Forward,10,Nov-20,1988,Ajax,0615,Dusan,Tadic
Serbia,Forward,18,Jan-28,2000,Juventus,0616,Dusan,Vlahovic
Serbia,Forward,21,Jan-30,1992,Sampdoria,0617,Filip,Duricic
Serbia,Midfield,17,Nov-01,1992,Juventus,0618,Filip,Kostic
Serbia,Defender,25,Aug-15,1991,Legia Warsaw,0619,Filip,Mladenovic
Serbia,Midfield,24,Mar-17,2001,Verona,0620,Ivan,Ilic
Serbia,Goal Keeper,1,Jan-24,1992,Sevilla,0621,Marko,Dmitrovic
Serbia,Midfield,26,Apr-13,1996,Porto,0622,Marko,Grujic
Serbia,Defender,5,Sep-26,1995,Werder Bremen,0623,Milos,Veljkovic
Serbia,Midfield,8,Nov-16,1991,Sevilla,0624,Nemanja,Gudelj
Serbia,Midfield,6,Jan-26,1995,Getafe,0625,Nemanja,Maksimovic
Serbia,Forward,7,Feb-15,1996,Torino,0626,Nemanja,Radonjic
Serbia,Defender,4,Oct-12,1997,Fiorentina,0627,Nikola,Milenkovic
Serbia,Midfield,16,Aug-13,1996,Torino,0628,Sasa,Lukic
Serbia,Midfield,20,Feb-27,1995,Lazio,0629,Sergej,Milinkovic-Savic
Serbia,Defender,16,Apr-22,1996,Almeria,0630,Srdan,Babic
Serbia,Defender,13,May-22,1990,Getafe,0631,Stefan,Mitrovic
Serbia,Defender,3,Jan-22,2001,Red Star Belgrade,0632,Strahinja,Erakovic
Serbia,Defender,2,May-24,2001,Salzburg,0633,Strahinja,Pavlovic
Serbia,Midfield,19,Mar-17,1998,Braga,0634,Uros,Racic
Serbia,Goal Keeper,23,Feb-20,1997,Torino,0635,Vanja,Milinkovic-Savic
South Korea,Forward,9,Jan-26,1998,Jeonbuk Hyundai Motors,0636,Cho,GueN.Asung
South Korea,Defender,24,Nov-17,1996,Daejon Citizen,0637,Cho,Yu-min
South Korea,Defender,14,Sep-17,1990,Daegu FC,0638,Hong,Chul
South Korea,Forward,11,Jan-26,1996,Wolverhampton Wanderers,0639,Hwang,Hee-chan
South Korea,Midfield,6,Sep-20,1996,Olympiacos,0640,Hwang,In-beom
South Korea,Forward,16,Aug-28,1992,Olympiacos,0641,Hwang,Ui-jo
South Korea,Forward,25,Sep-20,1999,Freiburg,0642,Jeong,Woo-yeong
South Korea,Goal Keeper,21,Sep-25,1991,Ulsan Hyundai,0643,Jo,Hyeon-woon
South Korea,Midfield,5,Dec-14,1989,Al Sadd,0644,Jung,Woo-young
South Korea,Defender,3,Jun-13,1992,Jeonbuk Hyundai Motors,0645,Kim,Jin-su
South Korea,Defender,4,Nov-15,1996,Napoli,0646,Kim,Min-jae
South Korea,Defender,15,Aug-01,1995,Jeonbuk Hyundai Motors,0647,Kim,Moon-hwan
South Korea,Goal Keeper,1,Sep-30,1990,Al Shabab,0648,Kim,Seung-gyu
South Korea,Defender,23,Jul-24,1989,Ulsan Hyundai,0649,Kim,TaeN.Ahwan
South Korea,Defender,19,Feb-27,1990,Ulsan Hyundai,0650,Kim,Young-gwon
South Korea,Midfield,22,Jun-30,1994,Gimcheon Sangmu,0651,Kwon,Chang-hoon
South Korea,Defender,20,Jan-31,1992,Gamba Osaka,0652,Kwon,Kyung-won
South Korea,Midfield,10,Aug-10,1992,Mainz,0653,Lee,Jae-sung
South Korea,Midfield,18,Feb-19,2001,Mallorca,0654,Lee,Kang-in
South Korea,Midfield,17,Aug-12,1996,FC Seoul,0655,Na,Sang-ho
South Korea,Midfield,8,Mar-17,1997,Jeonbuk Hyundai Motors,0656,Paik,Seung-ho
South Korea,Forward,7,Jul-08,1992,Tottenham Hotspur,0657,Son,Heung-min
South Korea,Midfield,13,May-12,1992,Shandong Taishan,0658,Son,Jun-ho
South Korea,Goal Keeper,12,Oct-15,1997,Jeonbuk Hyundai Motors,0659,Song,Bum-keun
South Korea,Midfield,26,Sep-12,1999,Jeonbuk Hyundai Motors,0660,Song,MinN.Akyu
South Korea,Defender,2,Mar-20,1998,FC Seoul,0661,Yoon,JongN.Agyu
Spain,Defender,14,Oct-18,2003,Barcelona,0662,Alejandro,Balde
Spain,Forward,7,Oct-23,1992,Atletico Madrid,0663,Alvaro,Morata
Spain,Forward,25,Oct-31,2002,Barcelona,0664,Ansu,Fati
Spain,Defender,24,May-27,1994,Manchester City,0665,Aymeric,Laporte
Spain,Midfield,19,Jan-02,1997,PSG,0666,Carlos,Soler
Spain,Defender,2,Aug-28,1989,Chelsea,0667,Cesar,Azpilicueta
Spain,Defender,20,Jan-11,1992,Real Madrid,0668,Dani,Carvajal
Spain,Forward,21,May-07,1998,RB Leipzig,0669,Dani,Olmo
Spain,Goal Keeper,13,Sep-15,1995,Brentford,0670,David,Raya
Spain,Defender,3,Jan-09,2001,Barcelona,0671,Eric,Garcia
Spain,Forward,11,Feb-29,2000,Barcelona,0672,Ferran,Torres
Spain,Midfield,9,Aug-05,2004,Barcelona,0673,Gavi,none
Spain,Defender,15,Jan-31,2000,Valencia,0674,Hugo,Guillamon
Spain,Defender,18,Mar-21,1989,FC Barcelona,0675,Jordi,Alba
Spain,Midfield,8,Jan-08,1992,Atletico Madrid,0676,Koke,none
Spain,Forward,10,Jan-21,1996,Real Madrid,0677,Marco,Asensio
Spain,Midfield,6,Jan-30,1995,Atletico Madrid,0678,Marcos,Llorente
Spain,Forward,12,Jul-12,2002,Athletic Club,0679,Nico,Williams
Spain,Forward,22,May-11,1992,PSG,0680,Pablo,Sarabia
Spain,Defender,4,Jan-17,1997,Villarreal,0681,Pau,Torrres
Spain,Midfield,26,Nov-25,2002,Barcelona,0682,Pedri,none
Spain,Goal Keeper,1,Nov-18,1997,Brighton,0683,Robert,Sanchez
Spain,Midfield,16,Jun-22,1996,Manchester City,0684,Rodri,none
Spain,Midfield,5,Jul-16,1988,Barcelona,0685,Sergio,Busquets
Spain,Goal Keeper,23,Jun-11,1997,Athletic Club,0686,Unai,Simon
Spain,Forward,17,Oct-20,2002,Villarreal,0687,Yeremy,Pino
Switzerland,Midfield,26,Jun-30,2002,Luzern,0688,Ardon,Jashari
Switzerland,Forward,7,Feb-14,1997,Monaco,0689,Breel,Embolo
Switzerland,Forward,16,Nov-11,1993,Young Boys,0690,Christian,Fassnacht
Switzerland,Midfield,6,Nov-20,1996,Chelsea,0691,Denis,Zakaria
Switzerland,Midfield,15,Feb-06,1997,Eintracht Frankfurt,0692,Djibril,Sow
Switzerland,Midfield,2,Apr-15,1996,Mainz,0693,Edimilson,Fernandes
Switzerland,Defender,18,Feb-04,1998,Valencia,0694,Eray,Comert
Switzerland,Midfield,20,Jan-08,1989,Basel,0695,Fabian,Frei
Switzerland,Midfield,25,Feb-16,2002,Young Boys,0696,Fabian,Rieder
Switzerland,Defender,22,Dec-20,1991,Newcastle United,0697,Fabian,Schar
Switzerland,Midfield,10,Sep-27,1992,Arsenal,0698,Granit,Xhaka
Switzerland,Goal Keeper,21,Dec-06,1997,Borussia Dortmund,0699,Gregor,Kobel
Switzerland,Forward,9,Feb-22,1992,Galatasaray,0700,Haris,Seferovic
Switzerland,Goal Keeper,12,Jan-10,1994,Montpellier,0701,Jonas,Omlin
Switzerland,Defender,5,Jul-19,1995,Manchester City,0702,Manuel,Akanji
Switzerland,Midfield,14,Jan-06,1997,Bologna,0703,Michel,Aebischer
Switzerland,Defender,4,Sep-30,1996,Borussia Monchengladbach,0704,Nico,Elvedi
Switzerland,Forward,19,May-24,2000,Red Bull Salzburg,0705,Noah,Okafor
Switzerland,Goal Keeper,24,Apr-02,1998,Red Bull Salzburg,0706,Philipp,Kohn
Switzerland,Midfield,8,Apr-15,1992,Nottingham Forest,0707,Remo,Freuler
Switzerland,Midfield,11,Nov-03,1991,Lugano,0708,Renato,Steffen
Switzerland,Defender,13,Aug-25,1992,Torino,0709,Ricardo,Rodriguez
Switzerland,Forward,17,Aug-05,1998,Augsburg,0710,Ruben,Vargas
Switzerland,Midfield,23,Oct-10,1991,Chicago Fire,0711,Xherdan,Shaqiri
Switzerland,Goal Keeper,1,Dec-17,1988,Borussia Monchengladbach,0712,Yann,Sommer
Tunisia,Midfield,14,Dec-13,1996,Ferencvaros,0713,Aissa,Laidouni
Tunisia,Defender,24,Dec-20,1993,Caen,0714,Ali,Abdi
Tunisia,Defender,12,Jan-01,1990,Al Ahly,0715,Ali,Maaloul
Tunisia,Forward,25,Mar-16,2001,Brondby,0716,Anis,Ben Slimane
Tunisia,Goal Keeper,16,Jan-27,1997,CS Sfaxien,0717,Aymen,Dahmen
Tunisia,Goal Keeper,1,Sep-14,1984,Etoile du Sahel,0718,Balbouli,none
Tunisia,Goal Keeper,22,Nov-29,1994,US Monastir,0719,Bechir,Ben Saad
Tunisia,Defender,2,Mar-09,1990,Kuwait SC,0720,Bilel,Ifa
Tunisia,Defender,6,Jun-19,1995,Salernitana,0721,Dylan,Bronn
Tunisia,Midfield,17,May-10,1995,FC Koln,0722,Ellyes,Skhiri
Tunisia,Midfield,13,Mar-18,1992,Al-Duhail,0723,Ferjani,Sassi
Tunisia,Midfield,18,Feb-28,1994,Esperance de Tunis,0724,Ghailene,Chaalali
Tunisia,Midfield,8,Jan-21,2003,Manchester United,0725,Hannibal,Mejbri
Tunisia,Forward,9,Dec-25,1991,OB,0726,Issam,Jebali
Tunisia,Midfield,15,Sep-06,1999,Esperance de Tunis,0727,Mohamed,Ali Ben Romdhane
Tunisia,Defender,20,Jun-25,1996,Luzern,0728,Mohamed,Drager
Tunisia,Defender,3,May-26,1998,Lorient,0729,Montassar,Talbi
Tunisia,Goal Keeper,26,Mar-05,1995,Club Africain,0730,Mouez,Hassen
Tunisia,Defender,5,Feb-18,1995,Club Africain,0731,Nader,Ghandri
Tunisia,Forward,26,Jul-27,1992,Al-Ettifaq,0732,Naim,Sliti
Tunisia,Forward,19,Feb-12,1993,Zamalek,0733,Seifeddine,Jaziri
Tunisia,Forward,11,Jan-06,1992,Kuwait SC,0734,Taha,Yassine Khenissi
Tunisia,Forward,10,Feb-08,1991,Montpellier,0735,Wahbi,Khazri
Tunisia,Defender,21,Nov-05,1995,Atromitos,0736,Wajdi,Kechrida
Tunisia,Defender,4,Jul-02,1993,Esperalace,0737,Yassine,Meriah
Tunisia,Forward,7,Oct-28,1990,Al-Duhail,0738,Youssef,Msakni
Uruguay,Forward,24,Oct-01,1998,Athletico Paranaense,0739,Agustin,Canobbio
Uruguay,Forward,11,Jun-24,1999,Liverpool,0740,Darwin,Nunez
Uruguay,Defender,3,Feb-16,1986,Velez Sarsfield,0741,Diego,Godin
Uruguay,Forward,21,Feb-14,1987,Valencia,0742,Edinson,Cavani
Uruguay,Forward,8,Dec-20,2001,Manchester United,0743,Facundo,Pellistri
Uruguay,Midfield,20,Apr-13,2000,Orlando City ,0744,Facundo,Torres
Uruguay,Midfield,15,Jul-22,1998,Real Madrid,0745,Federico,Valverde
Uruguay,Goal Keeper,1,Jun-16,1986,Galatasaray,0746,Fernando,Muslera
Uruguay,Midfield,10,Jun-01,1994,Flamengo,0747,Giorgian,de Arrascaeta
Uruguay,Defender,13,Mar-24,1993,Flamengo,0748,Guillermo,Varela
Uruguay,Defender,26,Mar-14,1997,Nacional,0749,Jose,Luis Rodriguez
Uruguay,Defender,2,Jan-20,1995,Atletico Madrid,0750,Jose,Maria Gimenez
Uruguay,Midfield,14,Feb-11,1996,Galatasaray,0751,Lucas,Torreira
Uruguay,Forward,9,Jan-24,1987,Nacional,0752,Luis,Suarez
Uruguay,Midfield,25,Apr-11,2001,Sporting CP,0753,Manuel,Ugarte
Uruguay,Defender,22,Apr-07,1987,La Galaxy,0754,Martin,Caceres
Uruguay,Defender,16,Oct-31,1997,Napoli,0755,Mathias,Olivera
Uruguay,Midfield,5,Aug-24,1991,Lazio,0756,Matias,Vecino
Uruguay,Defender,17,Nov-09,1997,Roma,0757,Matias,Vina
Uruguay,Forward,18,Aug-14,1996,Trabzonspor,0758,Maxi,Gomez
Uruguay,Midfield,7,Jun-01,1997,River Plate,0759,Nicolás,de la Cruz
Uruguay,Midfield,6,Jun-25,1997,Tottenham Hotspur,0760,Rodrigo,Bentancur
Uruguay,Defender,4,Mar-07,1999,Barcelona,0761,Ronald,Araujo
Uruguay,Defender,19,Oct-07,1990,Sporting CP,0762,Sebastian,Coates
Uruguay,Goal Keeper,12,Aug-19,1986,Independiente,0763,Sebastian,Sosa
Uruguay,Goal Keeper,23,Mar-23,1993,Nacional,0764,Sergio,Rochet
USA,Defender,15,Oct-12,2000,New York Red Bills,0765,Aaron,Long
USA,Defender,5,Aug-08,1997,Fulham,0766,Antonee,Robinson
USA,Midfield,11,Oct-22,2000,Leeds United,0767,Brenden,Aaronson
USA,Defender,20,Dec-31,1997,Celtic,0768,Cameron,Carter-Vickers
USA,Forward,10,Sep-18,1998,Chelsea,0769,Christian,Pulisic
USA,Midfield,17,Jun-03,1995,Seattle Sounders,0770,Cristian,Roldan
USA,Defender,22,Jul-09,1993,Inter Miami,0771,DeAndre,Yedlin
USA,Goal Keeper,12,Jun-09,1995,Luton Town ,0772,Ethan,Horvath
USA,Forward,7,Nov-13,2002,Borussia Dortmund,0773,Gio,Reyna
USA,Forward,19,Mar-27,1998,Antalyaspor,0774,Haji,Wright
USA,Forward,9,Dec-24,2000,Tulsa Roughnecks,0775,Jesús,Ferreira
USA,Defender,26,Dec-31,2002,Borussia Monchengladbach,0776,Joe,Scally
USA,Forward,16,Oct-26,1994,Swansea City,0777,Jordan,Morris
USA,Midfield,23,Jul-24,1995,Los Angeles FC,0778,Kellyn,Acosta
USA,Midfield,14,May-23,1998,Celta Vigo,0779,Luca,de la Torre
USA,Goal Keeper,1,Jun-24,1994,Arsenal,0780,Matt,Turner
USA,Goal Keeper,25,May-31,1989,New York City FC,0781,Sean,Johnson
USA,Defender,2,Nov-03,2000,AC Milan,0782,Sergiño,Dest
USA,Defender,18,Nov-02,1996,Nashville SC,0783,Shaq,Moore
USA,Defender,13,Oct-05,1987,Fulham,0784,Tim,Ream
USA,Forward,21,Feb-22,2000,Lille,0785,Tim,Weah
USA,Midfield,4,Feb-14,1999,Leeds United,0786,Tyler,Adams
USA,Defender,3,May-19,1993,Nashville SC,0787,Walker,Zimmerman
USA,Midfield,8,Aug-28,1998,Juventus,0788,Weston,McKennie
USA,Midfield,6,Nov-29,2002,Valencia,0789,Yunus,Musah
Wales,Midfield,10,Dec-26,1990,Nice,0790,Aaron,Ramsey
Wales,Goal Keeper,21,Jul-17,1992,Sheffield United,0791,Adam,Davies
Wales,Defender,24,May-30,2000,Swansea City,0792,Ben,Cabango
Wales,Defender,4,Apr-24,1993,Tottenham,0793,Ben,Davies
Wales,Forward,9,May-23,2001,Nottingham Forest,0794,Brennan,Johnson
Wales,Defender,2,Jul-21,1989,AFC Wimbledon,0795,Chris,Gunter
Wales,Defender,5,Nov-05,1997,Bournemouth,0796,Chris,Mepham
Wales,Defender,14,Sep-23,1995,Burnley,0797,Connor,Roberts
Wales,Forward,20,Nov-10,1997,Fulham,0798,Dan,James
Wales,Goal Keeper,12,Jun-22,1993,Leicester City,0799,Danny,Ward
Wales,Midfield,23,Nov-17,2000,Dundee United,0800,Dylan,Levitt
Wales,Defender,15,Sep-14,2000,Spezia,0801,Ethan,Ampadu
Wales,Forward,11,Jul-16,1989,Los Angeles FC,0802,Gareth,Bale
Wales,Midfield,8,Mar-22,1997,Fulham,0803,Harry,Wilson
Wales,Midfield,7,Mar-14,2000,Swansea City,0804,Joe,Allen
Wales,Midfield,16,Jan-03,1997,Portsmouth,0805,Joe,Morrell
Wales,Defender,6,Oct-22,1997,Rennes,0806,Joe,Rodon
Wales,Midfield,18,Oct-09,1993,Swindon Town,0807,Jonny,Williams
Wales,Forward,13,Aug-08,1992,Bournemouth,0808,Kieffer,Moore
Wales,Forward,19,Dec-29,1998,Cardiff City,0809,Mark,Harris
Wales,Midfield,26,Nov-22,1999,MK Dons,0810,Matthew,Smith
Wales,Defender,3,Apr-13,2001,Nottingham Forest,0811,Neco,Williams
Wales,Forward,25,Apr-27,2000,Cardiff City,0812,Rubin,Colwill
Wales,Midfield,22,Jan-25,1999,Huddersfield Town,0813,Sorba,Thomas
Wales,Goal Keeper,1,Jan-24,1987,Nottingham Forest,0814,Wayne,Hennessey
